-- Thêm dữ liệu mẫu cho hệ thống quản lý chi tiêu

USE qlct_db;

--
-- Dumping data for table `DMCHITIEU`
--

INSERT INTO `DMCHITIEU` (`machitieu`, `makh`, `tendanhmuc`, `loai`, `created_at`, `updated_at`) VALUES
(1, 1, 'Lương hàng tháng', 'income', '2025-11-01 07:48:54', '2025-11-01 07:48:54'),
(2, 1, 'Thưởng dự án', 'income', '2025-11-01 07:48:54', '2025-11-01 07:48:54'),
(3, 2, 'Bán hàng online', 'income', '2025-11-01 07:48:54', '2025-11-01 07:48:54'),
(4, 2, 'Đầu tư chứng khoán', 'income', '2025-11-01 07:48:54', '2025-11-01 07:48:54'),
(5, 3, 'Mua sắm cá nhân', 'expense', '2025-11-01 07:48:54', '2025-11-01 07:48:54'),
(6, 3, 'Tiền điện nước', 'expense', '2025-11-01 07:48:54', '2025-11-01 07:48:54'),
(7, 1, 'Ăn uống', 'expense', '2025-11-01 07:48:54', '2025-11-01 07:48:54'),
(8, 2, 'Giải trí', 'expense', '2025-11-01 07:48:54', '2025-11-01 07:48:54'),
(9, 3, 'Tiền thuê nhà', 'expense', '2025-11-01 07:48:54', '2025-11-01 07:48:54'),
(10, 1, 'Học thêm kỹ năng', 'expense', '2025-11-01 07:48:54', '2025-11-01 07:48:54'),
(11, 1, 'Học thêm kỹ năng', 'income', '2025-11-01 07:48:54', '2025-11-01 07:48:54');

--
-- Dumping data for table `DMTHUNHAP`
--

INSERT INTO `DMTHUNHAP` (`mathunhap`, `makh`, `tendanhmuc`, `loai`, `created_at`, `updated_at`) VALUES
(1, 1, 'Lương chính', 'income', '2025-11-03 08:28:18', '2025-11-03 08:28:18'),
(2, 2, 'Lương phụ', 'income', '2025-11-03 08:28:18', '2025-11-03 08:28:18'),
(3, 3, 'Tiền thưởng', 'income', '2025-11-03 08:28:18', '2025-11-03 08:28:18'),
(4, 4, 'Lương chính', 'income', '2025-11-03 08:28:18', '2025-11-03 08:28:18'),
(5, 5, 'Đầu tư chứng khoán', 'income', '2025-11-03 08:28:18', '2025-11-03 08:28:18'),
(6, 6, 'Quà tặng', 'income', '2025-11-03 08:28:18', '2025-11-03 08:28:18'),
(7, 7, 'Lương chính', 'income', '2025-11-03 08:28:18', '2025-11-03 08:28:18'),
(8, 8, 'Kinh doanh online', 'income', '2025-11-03 08:28:18', '2025-11-03 08:28:18'),
(9, 9, 'Lãi ngân hàng', 'income', '2025-11-03 08:28:18', '2025-11-03 08:28:18'),
(10, 10, 'Khác', 'income', '2025-11-03 08:28:18', '2025-11-03 08:28:18');

--
-- Dumping data for table `DSTHUNHAP`
--

INSERT INTO `DSTHUNHAP` (`mathunhap`, `makh`, `maloaithunhap`, `ngaythunhap`, `noidung`, `loai`, `sotien`, `created_at`, `updated_at`) VALUES
(1, 1, 1, '2025-11-01', 'Lương tháng 11', 'income', 10000000.00, '2025-11-03 10:16:18', '2025-11-03 10:16:18'),
(2, 2, 2, '2025-11-05', 'Thưởng dự án', 'income', 2000000.00, '2025-11-03 10:16:18', '2025-11-03 10:16:18'),
(3, 3, 3, '2025-11-01', 'Lương tháng 11', 'income', 12000000.00, '2025-11-03 10:16:18', '2025-11-03 10:16:18'),
(4, 4, 4, '2025-11-10', 'Tiền thưởng', 'income', 1500000.00, '2025-11-03 10:16:18', '2025-11-03 10:16:18'),
(5, 5, 5, '2025-11-01', 'Lương tháng 11', 'income', 9000000.00, '2025-11-03 10:16:18', '2025-11-03 10:16:18'),
(6, 6, 6, '2025-11-12', 'Bán đồ cũ', 'income', 500000.00, '2025-11-03 10:16:18', '2025-11-03 10:16:18'),
(7, 7, 7, '2025-11-01', 'Lương tháng 11', 'income', 11000000.00, '2025-11-03 10:16:18', '2025-11-03 10:16:18'),
(8, 8, 8, '2025-11-15', 'Hoa hồng', 'income', 1000000.00, '2025-11-03 10:16:18', '2025-11-03 10:16:18'),
(9, 9, 9, '2025-11-01', 'Lương tháng 11', 'income', 9500000.00, '2025-11-03 10:16:18', '2025-11-03 10:16:18'),
(10, 10, 10, '2025-11-20', 'Trợ cấp', 'income', 750000.00, '2025-11-03 10:16:18', '2025-11-03 10:16:18');

--
-- Dumping data for table `KHACHHANG`
--

INSERT INTO `KHACHHANG` (`makh`, `tenkh`, `email`, `matkhau`, `hinhanh`, `quyen`, `created_at`, `updated_at`) VALUES
(1, 'Nguyễn Văn A', 'vana@example.com', '123456', 'avatar1.jpg', 'user', '2025-11-01 07:47:25', '2025-11-01 07:47:25'),
(2, 'Trần Thị B', 'thib@example.com', '123456', 'avatar2.jpg', 'user', '2025-11-01 07:47:25', '2025-11-01 07:47:25'),
(3, 'Lê Văn C', 'vanc@example.com', '123456', 'avatar3.jpg', 'user', '2025-11-01 07:47:25', '2025-11-01 07:47:25'),
(4, 'Phạm Thị D', 'thid@example.com', '123456', 'avatar4.jpg', 'user', '2025-11-01 07:47:25', '2025-11-01 07:47:25'),
(5, 'Hoàng Văn E', 'vane@example.com', '123456', 'avatar5.jpg', 'user', '2025-11-01 07:47:25', '2025-11-01 07:47:25'),
(6, 'Đỗ Thị F', 'thif@example.com', '123456', 'avatar6.jpg', 'user', '2025-11-01 07:47:25', '2025-11-01 07:47:25'),
(7, 'Vũ Văn G', 'vang@example.com', '123456', 'avatar7.jpg', 'admin', '2025-11-01 07:47:25', '2025-11-01 07:47:25'),
(8, 'Ngô Thị H', 'thih@example.com', '123456', 'avatar8.jpg', 'user', '2025-11-01 07:47:25', '2025-11-01 07:47:25'),
(9, 'Bùi Văn I', 'vani@example.com', '123456', 'avatar9.jpg', 'user', '2025-11-01 07:47:25', '2025-11-01 07:47:25'),
(10, 'Phan Thị K', 'thik@example.com', '123456', 'avatar10.jpg', 'user', '2025-11-01 07:47:25', '2025-11-01 07:47:25');
